{
    "$schema": "https://json-schema.org/draft/2020-12/schema",
    "title": "Forest OS Task List",
    "type": "object",
    "required": ["meta", "tasks"],
    "properties": {
      "meta": {
        "type": "object",
        "required": ["prdVersion", "generatedDate", "notes"],
        "properties": {
          "prdVersion": { "type": "string" },
          "generatedDate": { "type": "string", "format": "date" },
          "notes": { "type": "string" }
        },
        "additionalProperties": false
      },
      "tasks": {
        "type": "array",
        "minItems": 1,
        "items": {
          "type": "object",
          "required": ["id","phase","title","description","status","dependencies","priority"],
          "properties": {
            "id": { "type": "integer" },
            "phase": { 
              "type": "string",
              "enum": ["P0","P1","P2","P2.5","P3","P4","P5","P(n+1) / Stretch"]
            },
            "title": { "type": "string" },
            "description": { "type": "string" },
            "details": { "type": "string" },
            "testStrategy": { "type": "string" },
            "status": { "type": "string", "enum":["pending","in-progress","done","deferred"] },
            "dependencies": {
              "type": "array",
              "items": { "type": "integer" }
            },
            "priority": { "type": "string", "enum":["critical","high","medium","low"] },
            "subtasks": {
              "type": "array",
              "items": { "$ref": "#" }
            }
          },
          "additionalProperties": false
        }
      }
    },
    "additionalProperties": false
  }
  